{"_timestamp":1.780945544022588e+09,"_step":0,"train/loss":7.432398319244385,"train/lr":5e-06,"step":100,"_runtime":483,"_wandb":{"runtime":483}}