{"_timestamp":1.780989345446964e+09,"train/lr":1.0000000000000002e-06,"best_epoch":20,"epoch":20,"best_val_loss":1.8153963088989258,"_step":1085,"epoch/val_loss":1.8153963088989258,"train/loss":1.640595555305481,"epoch/train_loss":1.9436339139938354,"_runtime":25198,"step":106600,"_wandb":{"runtime":25198}}